current_url,title,type,category,status,incoming_internal_links,outgoing_internal_links,canonical,sitemap_status,planned_action
/compare/guides/airtable-vs-excel/,Airtable vs Excel: Which Should You Use?,article,Comparisons,live (200),3,4,https://griddojo.com/compare/guides/airtable-vs-excel/,in sitemap,KEEP
/compare/guides/airtable-vs-google-sheets/,Airtable vs Google Sheets: Which Should You Use?,article,Comparisons,live (200),3,4,https://griddojo.com/compare/guides/airtable-vs-google-sheets/,in sitemap,KEEP
/compare/guides/apple-numbers-vs-excel/,Apple Numbers vs Excel: Which Should You Use?,article,Comparisons,live (200),0,4,https://griddojo.com/compare/guides/apple-numbers-vs-excel/,in sitemap,KEEP
/compare/guides/best-free-excel-alternatives/,6 Best Free Excel Alternatives (2026),article,Comparisons,live (200),6,4,https://griddojo.com/compare/guides/best-free-excel-alternatives/,in sitemap,CONSOLIDATE
/compare/guides/best-spreadsheet-software-small-business/,Best Spreadsheet Software for Small Business (2026),article,Comparisons,live (200),7,4,https://griddojo.com/compare/guides/best-spreadsheet-software-small-business/,in sitemap,IMPROVE
/excel/tutorials/how-to-make-a-chart-in-excel/,How to Make a Chart in Excel (Step by Step),article,Excel · Tutorials,live (200),3,3,https://griddojo.com/excel/tutorials/how-to-make-a-chart-in-excel/,in sitemap,KEEP
/excel/tutorials/how-to-use-conditional-formatting-in-excel/,How to Use Conditional Formatting in Excel,article,Excel · Tutorials,live (200),3,5,https://griddojo.com/excel/tutorials/how-to-use-conditional-formatting-in-excel/,in sitemap,KEEP
/excel/tutorials/how-to-use-countif-in-excel/,How to Use COUNTIF in Excel (with Examples),article,Excel · Tutorials,live (200),1,7,https://griddojo.com/excel/tutorials/how-to-use-countif-in-excel/,in sitemap,KEEP
/excel/fixes/how-to-fix-div-0-error-excel/,How to Fix the #DIV/0! Error in Excel,article,Excel · Fixes,live (200),3,4,https://griddojo.com/excel/fixes/how-to-fix-div-0-error-excel/,in sitemap,KEEP
/excel/tutorials/how-to-create-a-drop-down-list-in-excel/,How to Create a Drop-Down List in Excel,article,Excel · Tutorials,live (200),3,3,https://griddojo.com/excel/tutorials/how-to-create-a-drop-down-list-in-excel/,in sitemap,KEEP
/excel/tutorials/how-to-freeze-rows-and-columns-in-excel/,How to Freeze Rows and Columns in Excel,article,Excel · Tutorials,live (200),2,3,https://griddojo.com/excel/tutorials/how-to-freeze-rows-and-columns-in-excel/,in sitemap,KEEP
/excel/tutorials/how-to-use-if-function-in-excel/,How to Use the IF Function in Excel (with Examples),article,Excel · Tutorials,live (200),12,4,https://griddojo.com/excel/tutorials/how-to-use-if-function-in-excel/,in sitemap,IMPROVE
/excel/tutorials/how-to-use-index-match-in-excel/,How to Use INDEX MATCH in Excel (with Examples),article,Excel · Tutorials,live (200),2,5,https://griddojo.com/excel/tutorials/how-to-use-index-match-in-excel/,in sitemap,KEEP
/excel/fixes/how-to-fix-na-error-excel/,How to Fix the #N/A Error in Excel,article,Excel · Fixes,live (200),0,5,https://griddojo.com/excel/fixes/how-to-fix-na-error-excel/,in sitemap,KEEP
/excel/fixes/how-to-fix-name-error-excel/,How to Fix the #NAME? Error in Excel,article,Excel · Fixes,live (200),3,4,https://griddojo.com/excel/fixes/how-to-fix-name-error-excel/,in sitemap,KEEP
/excel/tutorials/how-to-make-a-pivot-table-in-excel/,How to Make a Pivot Table in Excel (Step by Step),article,Excel · Tutorials,live (200),9,4,https://griddojo.com/excel/tutorials/how-to-make-a-pivot-table-in-excel/,in sitemap,KEEP
/excel/fixes/how-to-fix-ref-error-excel/,How to Fix the #REF! Error in Excel,article,Excel · Fixes,live (200),5,4,https://griddojo.com/excel/fixes/how-to-fix-ref-error-excel/,in sitemap,KEEP
/excel/tutorials/how-to-remove-duplicates-in-excel/,How to Remove Duplicates in Excel (3 Ways),article,Excel · Tutorials,live (200),5,4,https://griddojo.com/excel/tutorials/how-to-remove-duplicates-in-excel/,in sitemap,KEEP
/excel/tutorials/how-to-sort-and-filter-data-in-excel/,How to Sort and Filter Data in Excel,article,Excel · Tutorials,live (200),0,5,https://griddojo.com/excel/tutorials/how-to-sort-and-filter-data-in-excel/,in sitemap,KEEP
/excel/tutorials/how-to-use-sumif-in-excel/,How to Use SUMIF in Excel (with Examples),article,Excel · Tutorials,live (200),5,4,https://griddojo.com/excel/tutorials/how-to-use-sumif-in-excel/,in sitemap,KEEP
/excel/fixes/how-to-fix-value-error-excel/,How to Fix the #VALUE! Error in Excel,article,Excel · Fixes,live (200),5,4,https://griddojo.com/excel/fixes/how-to-fix-value-error-excel/,in sitemap,KEEP
/excel/tutorials/how-to-use-vlookup-in-excel/,How to Use VLOOKUP in Excel (with Examples),article,Excel · Tutorials,live (200),11,4,https://griddojo.com/excel/tutorials/how-to-use-vlookup-in-excel/,in sitemap,IMPROVE
/compare/guides/excel-vs-google-sheets/,Excel vs Google Sheets: Which Should You Use in 2026?,article,Comparisons,live (200),12,5,https://griddojo.com/compare/guides/excel-vs-google-sheets/,in sitemap,IMPROVE
/excel/tutorials/how-to-use-xlookup-in-excel/,How to Use XLOOKUP in Excel (with Examples),article,Excel · Tutorials,live (200),1,6,https://griddojo.com/excel/tutorials/how-to-use-xlookup-in-excel/,in sitemap,KEEP
/compare/guides/best-google-sheets-alternatives/,7 Best Google Sheets Alternatives (Free & Paid),article,Comparisons,live (200),6,4,https://griddojo.com/compare/guides/best-google-sheets-alternatives/,in sitemap,CONSOLIDATE
/google-sheets/tutorials/how-to-make-a-budget-in-google-sheets/,How to Make a Budget in Google Sheets,article,Google Sheets · Tutorials,live (200),0,7,https://griddojo.com/google-sheets/tutorials/how-to-make-a-budget-in-google-sheets/,in sitemap,KEEP
/google-sheets/tutorials/how-to-use-conditional-formatting-in-google-sheets/,How to Use Conditional Formatting in Google Sheets,article,Google Sheets · Tutorials,live (200),2,5,https://griddojo.com/google-sheets/tutorials/how-to-use-conditional-formatting-in-google-sheets/,in sitemap,KEEP
/google-sheets/tutorials/how-to-use-countif-in-google-sheets/,How to Use COUNTIF in Google Sheets,article,Google Sheets · Tutorials,live (200),0,7,https://griddojo.com/google-sheets/tutorials/how-to-use-countif-in-google-sheets/,in sitemap,KEEP
/google-sheets/tutorials/how-to-create-a-drop-down-list-in-google-sheets/,How to Make a Drop-Down List in Google Sheets,article,Google Sheets · Tutorials,live (200),2,3,https://griddojo.com/google-sheets/tutorials/how-to-create-a-drop-down-list-in-google-sheets/,in sitemap,KEEP
/google-sheets/tutorials/how-to-freeze-rows-and-columns-in-google-sheets/,How to Freeze Rows and Columns in Google Sheets,article,Google Sheets · Tutorials,live (200),2,2,https://griddojo.com/google-sheets/tutorials/how-to-freeze-rows-and-columns-in-google-sheets/,in sitemap,KEEP
/google-sheets/tutorials/how-to-use-if-function-in-google-sheets/,How to Use the IF Function in Google Sheets,article,Google Sheets · Tutorials,live (200),7,4,https://griddojo.com/google-sheets/tutorials/how-to-use-if-function-in-google-sheets/,in sitemap,KEEP
/google-sheets/tutorials/how-to-make-a-graph-in-google-sheets/,How to Make a Graph in Google Sheets,article,Google Sheets · Tutorials,live (200),6,3,https://griddojo.com/google-sheets/tutorials/how-to-make-a-graph-in-google-sheets/,in sitemap,KEEP
/google-sheets/tutorials/how-to-make-a-pivot-table-in-google-sheets/,How to Make a Pivot Table in Google Sheets,article,Google Sheets · Tutorials,live (200),7,4,https://griddojo.com/google-sheets/tutorials/how-to-make-a-pivot-table-in-google-sheets/,in sitemap,IMPROVE
/google-sheets/tutorials/how-to-use-query-function-in-google-sheets/,How to Use the QUERY Function in Google Sheets,article,Google Sheets · Tutorials,live (200),0,5,https://griddojo.com/google-sheets/tutorials/how-to-use-query-function-in-google-sheets/,in sitemap,KEEP
/google-sheets/tutorials/how-to-remove-duplicates-in-google-sheets/,How to Remove Duplicates in Google Sheets,article,Google Sheets · Tutorials,live (200),6,4,https://griddojo.com/google-sheets/tutorials/how-to-remove-duplicates-in-google-sheets/,in sitemap,KEEP
/google-sheets/tutorials/how-to-sort-and-filter-in-google-sheets/,How to Sort and Filter Data in Google Sheets,article,Google Sheets · Tutorials,live (200),3,4,https://griddojo.com/google-sheets/tutorials/how-to-sort-and-filter-in-google-sheets/,in sitemap,KEEP
/google-sheets/tutorials/how-to-use-sumif-in-google-sheets/,How to Use SUMIF in Google Sheets,article,Google Sheets · Tutorials,live (200),9,4,https://griddojo.com/google-sheets/tutorials/how-to-use-sumif-in-google-sheets/,in sitemap,KEEP
/google-sheets/tutorials/how-to-use-vlookup-in-google-sheets/,How to Use VLOOKUP in Google Sheets,article,Google Sheets · Tutorials,live (200),9,4,https://griddojo.com/google-sheets/tutorials/how-to-use-vlookup-in-google-sheets/,in sitemap,IMPROVE
/compare/guides/libreoffice-calc-vs-excel/,LibreOffice Calc vs Excel: Which Should You Use?,article,Comparisons,live (200),2,4,https://griddojo.com/compare/guides/libreoffice-calc-vs-excel/,in sitemap,KEEP
/compare/guides/microsoft-365-vs-google-workspace/,Microsoft 365 vs Google Workspace: Which Is Better?,article,Comparisons,live (200),4,4,https://griddojo.com/compare/guides/microsoft-365-vs-google-workspace/,in sitemap,KEEP
/compare/guides/notion-vs-google-sheets/,Notion vs Google Sheets: Which Should You Use?,article,Comparisons,live (200),3,4,https://griddojo.com/compare/guides/notion-vs-google-sheets/,in sitemap,KEEP
/compare/guides/wps-office-vs-excel/,WPS Office vs Excel: Which Should You Use?,article,Comparisons,live (200),0,5,https://griddojo.com/compare/guides/wps-office-vs-excel/,in sitemap,KEEP
/privacy-policy/,Privacy Policy,institutional,Institutional,live (200),—,—,https://griddojo.com/privacy-policy/,in sitemap,KEEP
/contact/,Contact,institutional,Institutional,live (200),—,—,https://griddojo.com/contact/,in sitemap,KEEP
/terms/,Terms of Use,institutional,Institutional,live (200),—,—,https://griddojo.com/terms/,in sitemap,KEEP
/about/,About GridDojo,institutional,Institutional,live (200),—,—,https://griddojo.com/about/,in sitemap,KEEP
/,Home,structural,Structural,live (200),—,—,https://griddojo.com/,in sitemap,KEEP
/excel/,Excel pillar,structural,Structural,live (200),—,—,https://griddojo.com/excel/,in sitemap,KEEP
/google-sheets/,Google Sheets pillar,structural,Structural,live (200),—,—,https://griddojo.com/google-sheets/,in sitemap,KEEP
/compare/,Comparisons pillar,structural,Structural,live (200),—,—,https://griddojo.com/compare/,in sitemap,KEEP
/editorial-policy/,Editorial Policy,structural,Structural,live (200),—,—,https://griddojo.com/editorial-policy/,in sitemap,KEEP
/authors/griddojo-team/,Author: GridDojo Team,structural,Structural,live (200),—,—,https://griddojo.com/authors/griddojo-team/,in sitemap,KEEP
